nTrial,trialType,X1,Y1,T1,X2,Y2,T2,X3,Y3,T3,X4,Y4
1,8,952,757,1,906,76,1.054514e+02,1154,330,2.971461e+02,591,430
2,2,573,451,1,1180,305,1.528747e+02,913,84,3.131857e+02,957,775
3,7,881,715,1,894,162,7.765302e+01,NaN,NaN,3.863603e+02,NaN,NaN
4,1,629,312,1,1252,334,2.234564e+01,NaN,NaN,3.476447e+02,NaN,NaN
5,6,908,70,1,804,715,6.238520e+01,495,368,3.893980e+02,1092,307
6,3,1175,378,1,635,415,3.618845e+01,NaN,NaN,4.023657e+02,NaN,NaN
7,7,881,715,1,894,62,1.645757e+02,NaN,NaN,3.754091e+02,NaN,NaN
8,4,1100,438,1,602,390,2.183478e+02,877,30,4.146709e+02,931,730
9,1,629,312,1,1152,434,1.357281e+02,NaN,NaN,3.910043e+02,NaN,NaN
10,3,1175,378,1,535,315,1.800028e+02,NaN,NaN,2.884032e+02,NaN,NaN
11,2,473,451,1,1180,305,1.422369e+02,813,-16,3.156253e+02,857,775
12,6,908,170,1,904,715,7.234282e+01,595,468,4.069039e+02,1092,307
13,3,1175,478,1,535,315,3.101617e+01,NaN,NaN,3.718219e+02,NaN,NaN
14,8,852,657,1,906,176,9.565189e+00,1254,430,3.566477e+02,591,430
15,4,1100,438,1,602,390,6.103367e+01,777,130,3.577464e+02,831,730
16,2,573,351,1,1080,305,8.536669e+01,913,84,3.334165e+02,957,775
17,5,800,134,1,843,766,2.381035e+02,NaN,NaN,3.608776e+02,NaN,NaN
18,4,1100,338,1,602,390,8.142879e+01,877,130,2.811542e+02,931,730
19,5,800,34,1,843,666,4.228335e+01,NaN,NaN,2.920388e+02,NaN,NaN
20,1,629,412,1,1152,334,7.578729e+01,NaN,NaN,4.163860e+02,NaN,NaN
21,8,952,757,1,906,176,1.734467e+02,1254,330,2.970730e+02,491,330
22,4,1100,438,1,602,290,1.873317e+02,777,30,3.900742e+02,931,730
23,4,1200,438,1,502,290,6.814502e+01,877,130,3.632049e+02,831,730
24,8,852,757,1,806,176,8.254542e+01,1254,430,3.740547e+02,491,430
25,4,1200,438,1,502,390,7.376485e+00,777,130,3.288121e+02,831,730
26,3,1175,378,1,535,415,7.764498e+01,NaN,NaN,3.402317e+02,NaN,NaN
27,8,852,657,1,906,176,1.334594e+02,1154,430,2.916686e+02,491,330
28,2,473,451,1,1180,405,-9.339199e+00,813,84,4.237717e+02,957,775
29,1,629,412,1,1252,334,8.397545e+01,NaN,NaN,3.311137e+02,NaN,NaN
30,2,573,451,1,1080,305,1.063647e+02,913,-16,2.943631e+02,857,775
31,1,629,412,1,1152,334,-1.377351e+01,NaN,NaN,2.873848e+02,NaN,NaN
32,5,800,34,1,943,666,1.979578e+02,NaN,NaN,3.662963e+02,NaN,NaN
33,6,808,70,1,804,715,-6.452593e+00,495,368,3.067985e+02,1092,407
34,8,952,757,1,806,76,4.463523e+00,1154,330,3.117311e+02,491,430
35,6,808,70,1,804,715,2.224980e+01,595,468,3.807193e+02,1192,307
36,1,629,312,1,1252,334,1.484487e+02,NaN,NaN,4.203669e+02,NaN,NaN
37,3,1075,478,1,635,315,1.390176e+02,NaN,NaN,2.874425e+02,NaN,NaN
38,5,800,34,1,843,766,9.956069e-01,NaN,NaN,4.093445e+02,NaN,NaN
39,5,900,134,1,843,766,1.880139e+02,NaN,NaN,4.018393e+02,NaN,NaN
40,8,952,757,1,906,176,1.687185e+02,1154,430,3.790396e+02,591,330
41,4,1200,338,1,602,290,-1.495530e+01,877,130,2.900291e+02,831,630
42,8,852,757,1,906,176,1.491590e+02,1154,330,3.702871e+02,591,430
43,2,573,451,1,1180,405,8.958450e+01,913,84,2.927472e+02,857,775
44,5,800,134,1,943,666,-3.528281e-01,NaN,NaN,3.135858e+02,NaN,NaN
45,1,529,312,1,1252,334,1.400754e+01,NaN,NaN,3.085274e+02,NaN,NaN
46,7,781,715,1,894,62,4.222297e+01,NaN,NaN,3.066405e+02,NaN,NaN
47,7,781,615,1,894,162,1.292526e+02,NaN,NaN,3.053162e+02,NaN,NaN
48,7,881,715,1,794,62,2.003610e+02,NaN,NaN,2.842980e+02,NaN,NaN
49,6,808,70,1,904,615,7.832472e+01,495,368,4.158879e+02,1192,407
50,8,952,757,1,806,76,1.519444e+02,1154,430,2.936314e+02,491,330
51,2,573,451,1,1080,305,-1.369700e+01,913,-16,3.997248e+02,857,775
52,7,781,715,1,794,162,1.211674e+02,NaN,NaN,2.801370e+02,NaN,NaN
53,4,1200,338,1,602,290,3.044787e+01,777,30,2.900865e+02,831,730
54,3,1175,478,1,535,415,2.192255e+02,NaN,NaN,3.967702e+02,NaN,NaN
55,5,900,134,1,843,766,2.275015e+02,NaN,NaN,3.691367e+02,NaN,NaN
56,2,473,351,1,1180,305,1.004343e+02,813,84,4.082708e+02,957,775
57,3,1175,478,1,535,315,1.060565e+02,NaN,NaN,3.593887e+02,NaN,NaN
58,8,852,657,1,806,176,2.012349e+02,1154,430,2.986081e+02,491,330
59,1,529,412,1,1152,334,-9.999054e-01,NaN,NaN,4.074312e+02,NaN,NaN
60,4,1200,438,1,602,290,2.497731e+00,777,130,4.153821e+02,931,730
61,8,952,757,1,906,76,2.331066e+01,1154,330,3.890198e+02,591,430
62,2,573,351,1,1180,405,-3.405411e+01,913,84,3.919969e+02,957,675
63,2,573,451,1,1080,405,1.285769e+02,813,84,2.939256e+02,957,675
64,6,808,70,1,904,615,9.282177e+01,495,368,2.873159e+02,1092,307
65,3,1175,378,1,635,315,2.196622e+00,NaN,NaN,3.024290e+02,NaN,NaN
66,7,881,615,1,794,62,1.249374e+02,NaN,NaN,4.103937e+02,NaN,NaN
67,5,900,34,1,943,666,6.442682e+01,NaN,NaN,3.645688e+02,NaN,NaN
68,3,1175,478,1,535,315,2.099685e+01,NaN,NaN,3.126335e+02,NaN,NaN
69,7,881,715,1,794,62,1.180372e+02,NaN,NaN,4.023173e+02,NaN,NaN
70,7,781,615,1,794,62,-2.880430e+00,NaN,NaN,4.070031e+02,NaN,NaN
71,5,900,134,1,943,666,1.524789e+02,NaN,NaN,3.753985e+02,NaN,NaN
72,2,473,351,1,1180,405,8.326355e+01,813,-16,3.352751e+02,957,675
73,6,808,70,1,904,715,1.595904e+02,495,368,3.964050e+02,1192,307
74,6,908,170,1,804,715,8.692237e+01,495,468,2.802141e+02,1092,307
75,7,781,715,1,794,62,1.577839e+02,NaN,NaN,4.222357e+02,NaN,NaN
76,4,1200,438,1,502,290,6.794635e+01,777,130,3.428213e+02,931,730
77,5,800,34,1,843,766,1.862260e+02,NaN,NaN,2.830159e+02,NaN,NaN
78,5,800,134,1,843,666,-9.037659e+00,NaN,NaN,3.117382e+02,NaN,NaN
79,6,908,70,1,904,615,-7.577664e+00,595,368,3.326258e+02,1192,407
80,1,529,412,1,1152,334,1.508338e+02,NaN,NaN,3.797335e+02,NaN,NaN
81,2,473,451,1,1180,405,6.314077e+01,813,-16,2.911327e+02,957,775
82,3,1175,478,1,635,315,-2.748691e+01,NaN,NaN,3.106692e+02,NaN,NaN
83,7,881,615,1,894,162,7.180952e+01,NaN,NaN,3.148747e+02,NaN,NaN
84,4,1100,438,1,502,390,1.340062e+02,877,30,3.405339e+02,831,630
85,5,800,134,1,843,766,1.261726e+02,NaN,NaN,3.281976e+02,NaN,NaN
86,7,881,715,1,894,162,2.970871e+01,NaN,NaN,3.059939e+02,NaN,NaN
87,6,908,70,1,804,715,7.003920e+01,595,368,3.439769e+02,1192,407
88,1,529,312,1,1152,334,9.192217e+01,NaN,NaN,3.105005e+02,NaN,NaN
89,8,952,657,1,906,76,6.698162e+01,1154,430,2.932580e+02,591,430
90,6,908,70,1,804,615,8.629159e+01,595,468,3.200995e+02,1192,307
91,4,1200,438,1,602,290,4.279226e+01,877,30,3.227331e+02,931,730
92,6,808,170,1,804,715,1.868412e+01,595,368,3.687056e+02,1192,407
93,1,629,412,1,1152,434,1.392385e+02,NaN,NaN,3.914747e+02,NaN,NaN
94,3,1075,378,1,635,315,1.575499e+02,NaN,NaN,3.119560e+02,NaN,NaN
95,3,1075,378,1,535,315,1.346325e+02,NaN,NaN,3.310296e+02,NaN,NaN
96,1,529,312,1,1152,334,1.390381e+02,NaN,NaN,2.874239e+02,NaN,NaN
97,8,952,657,1,906,176,1.200190e+02,1254,430,2.774737e+02,591,430
98,7,781,615,1,894,62,1.238168e+02,NaN,NaN,2.830214e+02,NaN,NaN
99,3,1075,478,1,635,315,1.879924e+02,NaN,NaN,4.224000e+02,NaN,NaN
100,1,529,312,1,1252,434,3.641916e+01,NaN,NaN,3.771052e+02,NaN,NaN
101,1,529,412,1,1152,334,1.450996e+02,NaN,NaN,2.997911e+02,NaN,NaN
102,1,529,312,1,1152,434,1.910819e+01,NaN,NaN,2.878757e+02,NaN,NaN
103,5,800,134,1,943,666,1.300140e+02,NaN,NaN,3.931366e+02,NaN,NaN
104,8,852,757,1,906,176,3.814966e+01,1154,330,3.215881e+02,591,430
105,1,529,312,1,1152,434,8.640882e+01,NaN,NaN,2.972137e+02,NaN,NaN
106,4,1200,338,1,502,390,6.276728e+01,777,130,2.924997e+02,831,730
107,8,952,757,1,906,176,1.940132e+02,1154,330,3.136451e+02,591,430
108,7,781,715,1,894,162,1.174805e+02,NaN,NaN,2.949754e+02,NaN,NaN
109,2,473,351,1,1180,405,5.172094e+01,813,84,3.024729e+02,957,675
110,7,781,715,1,794,162,1.359018e+02,NaN,NaN,3.583159e+02,NaN,NaN
111,6,908,170,1,804,615,1.220053e+02,595,368,4.075123e+02,1092,407
112,2,573,351,1,1180,405,9.467410e+01,813,84,3.356491e+02,957,675
113,1,529,412,1,1152,434,3.312984e+01,NaN,NaN,2.995805e+02,NaN,NaN
114,1,629,412,1,1252,334,1.505815e+02,NaN,NaN,3.570976e+02,NaN,NaN
115,4,1200,338,1,502,290,3.815269e+01,777,30,2.877147e+02,931,630
116,1,529,312,1,1252,434,9.811160e+01,NaN,NaN,3.505991e+02,NaN,NaN
117,2,473,451,1,1080,405,1.104792e+02,813,84,2.887967e+02,957,675
118,4,1100,338,1,602,290,9.381282e+01,777,30,2.932572e+02,831,730
119,2,473,351,1,1080,405,-4.329799e+01,913,84,3.496247e+02,857,775
120,8,852,757,1,806,176,6.069536e+01,1254,330,4.118302e+02,491,330
121,6,908,70,1,904,715,7.952544e+00,595,468,3.738816e+02,1092,307
122,6,808,170,1,904,615,1.874120e+02,495,468,3.062352e+02,1092,307
123,2,473,451,1,1180,305,1.555527e+02,813,84,3.495458e+02,957,775
124,3,1175,378,1,635,315,2.021265e+02,NaN,NaN,2.995826e+02,NaN,NaN
125,6,808,170,1,804,615,9.253510e+01,595,468,2.936525e+02,1092,407
126,2,473,351,1,1080,305,1.246029e+02,913,-16,3.333161e+02,957,675
127,5,800,34,1,843,666,1.628840e+02,NaN,NaN,3.982921e+02,NaN,NaN
128,3,1075,378,1,535,315,1.324421e+02,NaN,NaN,3.629202e+02,NaN,NaN
129,6,808,170,1,904,715,2.294470e+02,595,468,3.166374e+02,1192,407
130,8,952,657,1,806,176,1.769500e+02,1154,430,3.909036e+02,591,330
131,5,900,34,1,843,666,8.694640e+01,NaN,NaN,3.925231e+02,NaN,NaN
132,6,908,70,1,904,715,2.024430e+02,495,368,2.867735e+02,1092,307
133,4,1200,438,1,502,290,9.194930e+01,777,30,4.086304e+02,931,730
134,3,1175,478,1,535,415,9.026091e+01,NaN,NaN,3.190929e+02,NaN,NaN
135,8,952,757,1,806,76,1.363069e+02,1154,330,4.203632e+02,591,430
136,3,1175,478,1,535,415,-2.634298e+00,NaN,NaN,3.548021e+02,NaN,NaN
137,2,473,351,1,1180,305,7.888513e+01,813,84,3.957961e+02,957,775
138,2,573,451,1,1180,305,6.591100e+01,813,84,4.088020e+02,857,775
139,1,629,412,1,1152,434,1.800720e+02,NaN,NaN,4.197358e+02,NaN,NaN
140,7,781,715,1,894,62,1.795770e+02,NaN,NaN,3.518012e+02,NaN,NaN
141,7,781,715,1,894,162,1.145693e+02,NaN,NaN,3.052024e+02,NaN,NaN
142,7,781,615,1,794,62,5.023964e+01,NaN,NaN,2.768379e+02,NaN,NaN
143,2,573,351,1,1180,405,1.434150e+02,913,-16,2.831105e+02,857,775
144,5,800,34,1,843,766,3.009776e+01,NaN,NaN,3.363877e+02,NaN,NaN
145,5,900,134,1,843,666,6.149379e+01,NaN,NaN,3.960926e+02,NaN,NaN
146,1,629,312,1,1252,334,7.691540e+01,NaN,NaN,3.524423e+02,NaN,NaN
147,4,1200,338,1,502,390,3.663971e+01,877,130,3.274909e+02,831,630
148,1,629,412,1,1152,434,3.069590e+01,NaN,NaN,4.124485e+02,NaN,NaN
149,8,852,757,1,906,176,2.376522e+01,1254,430,3.945684e+02,491,430
150,8,952,757,1,806,176,1.191630e+02,1254,330,2.809672e+02,491,430
151,4,1200,438,1,602,290,1.151974e+02,877,30,3.036754e+02,931,730
152,7,881,615,1,894,162,1.377248e+02,NaN,NaN,4.084910e+02,NaN,NaN
153,6,908,170,1,804,715,1.217808e+02,495,368,3.583515e+02,1092,307
154,6,908,70,1,804,615,1.424126e+02,495,368,3.458275e+02,1192,307
155,8,952,657,1,906,176,2.115128e+02,1154,330,3.432728e+02,591,430
156,6,808,170,1,904,615,1.354990e+02,495,368,3.388463e+02,1092,407
157,4,1100,438,1,502,390,9.940563e+00,777,30,4.005329e+02,831,630
158,2,573,451,1,1080,305,5.952877e+01,813,-16,3.225616e+02,857,675
159,8,952,757,1,906,176,9.997510e+01,1254,430,3.574238e+02,591,430
160,2,473,451,1,1180,405,4.681901e+01,813,84,2.751101e+02,857,775
161,5,900,134,1,943,766,1.031204e+02,NaN,NaN,3.667240e+02,NaN,NaN
162,4,1100,338,1,502,390,1.239208e+02,877,30,3.015482e+02,831,730
163,5,900,34,1,843,666,1.745638e+02,NaN,NaN,3.435199e+02,NaN,NaN
164,6,808,70,1,804,615,1.386803e+02,495,368,3.624845e+02,1092,407
165,5,900,34,1,943,766,9.322268e+01,NaN,NaN,3.274845e+02,NaN,NaN
166,3,1175,478,1,635,415,1.808184e+02,NaN,NaN,3.514278e+02,NaN,NaN
167,5,900,34,1,943,666,7.461141e+01,NaN,NaN,2.936589e+02,NaN,NaN
168,3,1175,478,1,635,415,3.509088e+01,NaN,NaN,3.042911e+02,NaN,NaN
169,3,1175,378,1,635,315,1.836630e+02,NaN,NaN,3.085723e+02,NaN,NaN
170,1,629,412,1,1152,334,5.213587e+01,NaN,NaN,3.578782e+02,NaN,NaN
171,4,1100,338,1,602,390,1.605080e+02,777,130,3.697713e+02,831,630
172,7,881,615,1,894,62,7.842026e+01,NaN,NaN,3.541657e+02,NaN,NaN
173,3,1175,378,1,535,315,5.133352e+01,NaN,NaN,4.193128e+02,NaN,NaN
174,7,781,615,1,794,62,6.793139e+01,NaN,NaN,2.867373e+02,NaN,NaN
175,6,808,70,1,804,715,9.729773e+01,595,368,3.170278e+02,1092,407
176,5,800,134,1,843,766,1.953903e+02,NaN,NaN,3.392988e+02,NaN,NaN
177,1,629,312,1,1152,434,-2.314991e+01,NaN,NaN,2.759722e+02,NaN,NaN
178,7,881,615,1,794,162,3.525346e+01,NaN,NaN,2.959463e+02,NaN,NaN
179,3,1075,378,1,635,315,4.781740e+01,NaN,NaN,3.453204e+02,NaN,NaN
180,5,800,134,1,943,766,1.297666e+02,NaN,NaN,4.056059e+02,NaN,NaN
181,2,473,451,1,1080,405,8.889491e+01,813,-16,3.559093e+02,957,675
182,7,781,715,1,894,162,6.265227e+01,NaN,NaN,3.558104e+02,NaN,NaN
183,8,952,757,1,906,176,3.791488e+01,1254,430,3.815811e+02,591,430
184,4,1100,338,1,602,290,8.367868e+01,777,30,3.469154e+02,931,630
185,4,1100,338,1,602,290,2.074188e+02,877,130,3.744971e+02,931,730
186,3,1175,378,1,535,315,4.811135e+01,NaN,NaN,3.488878e+02,NaN,NaN
187,3,1175,378,1,635,415,4.149659e+01,NaN,NaN,3.915450e+02,NaN,NaN
188,6,908,170,1,904,715,6.288060e+00,595,468,3.223745e+02,1192,307
189,8,952,657,1,806,76,-2.262945e+01,1154,330,3.168613e+02,591,430
190,4,1100,338,1,602,390,9.085526e+01,877,30,3.924973e+02,931,630
191,7,881,715,1,794,162,1.838336e+02,NaN,NaN,3.354638e+02,NaN,NaN
192,5,800,134,1,843,666,8.567255e+01,NaN,NaN,3.468080e+02,NaN,NaN
193,7,781,715,1,794,162,1.173762e+02,NaN,NaN,3.544092e+02,NaN,NaN
194,2,573,351,1,1180,305,4.281413e+01,913,84,3.835126e+02,957,775
195,3,1175,478,1,635,415,-7.733463e+00,NaN,NaN,4.193402e+02,NaN,NaN
196,8,952,657,1,906,76,1.649681e+02,1154,430,2.752489e+02,491,430
197,3,1175,478,1,535,315,5.372992e+01,NaN,NaN,3.164294e+02,NaN,NaN
198,5,900,134,1,843,666,5.147330e+01,NaN,NaN,3.735109e+02,NaN,NaN
199,6,808,170,1,804,615,6.200239e+01,495,368,3.171210e+02,1192,307
200,5,900,34,1,843,666,7.700438e+01,NaN,NaN,3.772758e+02,NaN,NaN
201,1,529,412,1,1152,334,9.518767e+01,NaN,NaN,4.059508e+02,NaN,NaN
202,4,1200,438,1,602,390,5.126352e+01,777,130,3.785203e+02,831,630
203,6,808,70,1,804,715,5.703121e+01,495,468,3.717617e+02,1092,407
204,8,852,757,1,906,76,2.065299e+02,1254,430,3.115010e+02,591,330
205,4,1200,338,1,602,390,8.635416e+01,877,130,3.466159e+02,831,630
206,7,881,615,1,794,62,8.960690e+01,NaN,NaN,3.096590e+02,NaN,NaN
207,1,629,412,1,1152,334,1.138484e+02,NaN,NaN,3.703153e+02,NaN,NaN
208,1,529,312,1,1252,434,5.423987e+01,NaN,NaN,2.887597e+02,NaN,NaN
209,8,852,757,1,806,76,-1.490171e+01,1154,430,3.170146e+02,591,430
210,1,529,312,1,1252,334,1.704455e+02,NaN,NaN,4.055290e+02,NaN,NaN
211,2,573,351,1,1080,305,1.671307e+02,813,84,2.827377e+02,957,675
212,6,908,170,1,804,615,1.713031e+02,495,468,3.723792e+02,1192,307
213,5,800,134,1,843,766,1.158403e+02,NaN,NaN,3.602034e+02,NaN,NaN
214,2,473,451,1,1180,305,2.150970e+01,913,-16,4.146789e+02,957,675
215,5,800,134,1,943,766,7.208615e+01,NaN,NaN,3.099866e+02,NaN,NaN
216,7,781,615,1,894,162,1.373203e+02,NaN,NaN,3.727070e+02,NaN,NaN
217,1,529,412,1,1152,434,1.353009e+02,NaN,NaN,2.884841e+02,NaN,NaN
218,8,852,757,1,806,76,6.621359e+01,1154,330,3.442651e+02,591,430
219,8,852,657,1,806,76,2.313503e+02,1154,430,4.072975e+02,591,330
220,2,473,351,1,1180,405,1.721593e+02,813,-16,4.242945e+02,857,675
221,8,952,757,1,906,76,9.419563e+00,1154,430,3.151138e+02,491,430
222,6,908,70,1,804,715,7.524496e+01,595,368,3.791572e+02,1192,407
223,7,881,715,1,794,162,9.016084e+01,NaN,NaN,3.025106e+02,NaN,NaN
224,4,1200,438,1,602,390,3.506221e+01,777,130,3.540591e+02,931,630
225,4,1200,338,1,602,290,3.132847e+01,877,30,3.772285e+02,831,730
226,3,1075,478,1,635,415,1.238855e+02,NaN,NaN,3.949520e+02,NaN,NaN
227,3,1175,378,1,635,415,7.557048e+01,NaN,NaN,3.025465e+02,NaN,NaN
228,6,908,170,1,904,615,6.845813e+01,595,368,2.754715e+02,1192,407
229,3,1175,378,1,535,415,1.202257e+02,NaN,NaN,3.465430e+02,NaN,NaN
230,8,852,657,1,806,176,1.552351e+02,1254,430,2.926917e+02,491,430
231,7,781,715,1,894,162,1.157850e+02,NaN,NaN,3.623070e+02,NaN,NaN
232,3,1175,378,1,635,415,7.851340e+01,NaN,NaN,4.006643e+02,NaN,NaN
233,6,808,70,1,804,715,1.835193e+02,495,468,4.231038e+02,1192,407
234,6,808,170,1,804,615,4.234778e+01,595,468,2.785901e+02,1192,407
235,7,781,715,1,894,162,1.918755e+01,NaN,NaN,3.948088e+02,NaN,NaN
236,8,952,657,1,806,176,1.056301e+02,1254,430,4.249315e+02,591,330
237,7,781,615,1,794,62,1.712331e+02,NaN,NaN,3.419179e+02,NaN,NaN
238,8,952,757,1,806,176,1.682297e+01,1154,430,3.357074e+02,591,430
239,3,1075,378,1,635,415,2.553000e+01,NaN,NaN,3.044335e+02,NaN,NaN
240,5,900,34,1,943,666,1.640675e+02,NaN,NaN,3.098622e+02,NaN,NaN
241,7,881,615,1,794,62,4.143862e+01,NaN,NaN,3.136591e+02,NaN,NaN
242,2,573,351,1,1080,305,6.482631e+01,813,84,3.542343e+02,957,775
243,8,952,657,1,806,76,1.531695e+02,1254,330,3.457627e+02,491,330
244,4,1100,438,1,602,390,4.063215e+01,877,30,3.447807e+02,831,630
245,5,800,34,1,943,666,4.063373e+01,NaN,NaN,3.881598e+02,NaN,NaN
246,7,781,615,1,894,162,1.873784e+02,NaN,NaN,2.947077e+02,NaN,NaN
247,7,781,615,1,794,162,1.001765e+02,NaN,NaN,3.867963e+02,NaN,NaN
248,8,852,757,1,906,176,5.915283e+01,1254,330,3.784978e+02,591,330
249,3,1175,478,1,635,315,6.288396e+01,NaN,NaN,4.231449e+02,NaN,NaN
250,1,629,312,1,1252,434,6.277013e+01,NaN,NaN,4.124101e+02,NaN,NaN
251,4,1200,338,1,502,290,1.696093e+01,877,130,4.106371e+02,931,730
252,7,881,715,1,794,162,2.659487e+01,NaN,NaN,2.841175e+02,NaN,NaN
253,2,473,451,1,1080,305,1.784169e+02,913,-16,2.899390e+02,857,675
254,4,1100,438,1,602,290,1.806703e+02,877,130,3.291541e+02,931,630
255,6,808,170,1,904,615,3.084723e+01,595,368,3.367801e+02,1092,307
256,1,629,412,1,1252,334,8.899528e+01,NaN,NaN,4.104647e+02,NaN,NaN
257,2,473,451,1,1180,405,6.141708e+01,913,84,3.052804e+02,857,675
258,1,629,412,1,1252,434,5.572353e+01,NaN,NaN,3.912025e+02,NaN,NaN
259,4,1100,438,1,502,390,9.840321e+01,777,130,3.269119e+02,931,630
260,5,900,134,1,943,666,1.355208e+02,NaN,NaN,2.854846e+02,NaN,NaN
261,1,629,412,1,1252,334,2.120423e+01,NaN,NaN,3.450185e+02,NaN,NaN
262,1,529,312,1,1152,434,3.525205e+01,NaN,NaN,4.009506e+02,NaN,NaN
263,2,573,451,1,1080,405,1.170864e+02,813,84,3.160656e+02,957,775
264,7,781,715,1,894,62,-2.704655e+00,NaN,NaN,3.796473e+02,NaN,NaN
265,4,1100,438,1,602,290,1.078432e+01,877,30,3.237522e+02,831,630
266,6,908,170,1,904,615,1.241624e+02,495,468,3.132555e+02,1192,407
267,2,573,351,1,1080,305,3.826738e+01,913,84,3.162306e+02,957,775
268,2,473,351,1,1180,405,4.415156e+01,813,-16,3.396944e+02,857,775
269,6,908,170,1,804,615,8.819656e+01,595,368,2.942073e+02,1092,407
270,4,1100,438,1,502,290,8.950670e+01,777,30,4.022141e+02,831,630
271,1,629,312,1,1152,334,1.447960e+02,NaN,NaN,3.915480e+02,NaN,NaN
272,5,900,134,1,843,666,8.178010e+01,NaN,NaN,2.759877e+02,NaN,NaN
273,4,1200,438,1,502,290,4.905246e+01,777,30,3.793756e+02,831,630
274,1,629,312,1,1252,434,-8.786206e+00,NaN,NaN,2.939551e+02,NaN,NaN
275,2,473,351,1,1180,305,5.663565e+01,813,-16,3.615541e+02,957,775
276,2,573,351,1,1080,305,1.484242e+02,813,-16,3.323722e+02,857,775
277,5,900,134,1,943,666,1.547395e+02,NaN,NaN,3.227666e+02,NaN,NaN
278,6,908,70,1,804,615,2.492900e+01,495,368,4.045283e+02,1192,407
279,5,800,34,1,943,666,7.919002e+01,NaN,NaN,4.174820e+02,NaN,NaN
280,3,1075,478,1,535,315,4.808587e+01,NaN,NaN,3.359394e+02,NaN,NaN
281,5,900,134,1,843,766,1.305160e+01,NaN,NaN,3.676762e+02,NaN,NaN
282,5,900,34,1,843,766,4.866763e+01,NaN,NaN,2.890704e+02,NaN,NaN
283,6,908,70,1,804,615,1.400456e+02,495,468,3.331733e+02,1092,407
284,3,1175,478,1,535,315,1.095145e+02,NaN,NaN,2.949024e+02,NaN,NaN
285,4,1200,338,1,602,390,1.611998e+02,777,130,3.651081e+02,831,730
286,3,1075,478,1,535,415,8.071934e+01,NaN,NaN,3.921658e+02,NaN,NaN
287,3,1175,378,1,535,315,9.323347e+00,NaN,NaN,3.197726e+02,NaN,NaN
288,8,952,657,1,906,176,2.142891e+02,1154,430,3.649200e+02,591,330
289,4,1200,338,1,502,390,4.659631e+01,777,130,4.186463e+02,931,730
290,7,781,715,1,794,62,1.947853e+02,NaN,NaN,3.580912e+02,NaN,NaN
291,8,952,657,1,906,176,1.273435e+02,1154,430,3.646118e+02,591,430
292,8,952,757,1,806,76,2.143328e+02,1254,330,3.557787e+02,591,330
293,1,529,412,1,1152,334,1.065069e+02,NaN,NaN,3.157031e+02,NaN,NaN
294,2,573,451,1,1080,405,1.599186e+02,813,84,3.636234e+02,957,675
295,5,900,134,1,943,766,2.099882e+02,NaN,NaN,3.516207e+02,NaN,NaN
296,1,629,412,1,1152,434,5.900409e+01,NaN,NaN,3.561607e+02,NaN,NaN
297,5,900,134,1,843,766,9.277343e+01,NaN,NaN,2.768976e+02,NaN,NaN
298,8,852,757,1,906,176,3.035246e+01,1154,430,3.097861e+02,491,430
299,1,529,412,1,1252,434,9.652385e+01,NaN,NaN,4.136681e+02,NaN,NaN
300,4,1100,338,1,602,290,8.185278e+01,877,130,2.915715e+02,931,730
301,5,800,34,1,843,766,1.429724e+02,NaN,NaN,4.001365e+02,NaN,NaN
302,4,1100,438,1,602,390,1.189565e+02,877,130,3.234448e+02,831,730
303,2,573,351,1,1180,405,1.470233e+02,813,-16,3.119501e+02,857,775
304,8,952,757,1,806,176,2.365816e+02,1154,430,4.233957e+02,591,330
305,8,852,657,1,806,76,1.533918e+02,1254,330,3.443588e+02,591,330
306,6,808,70,1,904,615,7.622631e+01,495,468,4.010182e+02,1192,407
307,6,808,170,1,904,715,1.098752e+01,595,468,3.230058e+02,1192,307
308,1,529,412,1,1152,334,5.676767e+01,NaN,NaN,3.553749e+02,NaN,NaN
309,1,529,312,1,1152,434,1.481213e+02,NaN,NaN,3.109363e+02,NaN,NaN
310,3,1175,478,1,535,415,1.256917e+02,NaN,NaN,3.841666e+02,NaN,NaN
311,6,808,170,1,904,615,2.027463e+02,595,368,3.710772e+02,1092,307
312,6,908,170,1,804,615,1.198895e+02,595,368,4.085993e+02,1092,307
313,2,573,451,1,1080,405,1.955662e+02,813,84,3.435690e+02,957,775
314,7,881,615,1,794,62,1.067276e+02,NaN,NaN,2.779774e+02,NaN,NaN
315,2,573,351,1,1180,405,7.838785e-01,913,-16,3.938445e+02,957,675
316,1,529,412,1,1152,334,1.341021e+02,NaN,NaN,3.186631e+02,NaN,NaN
317,4,1100,438,1,502,390,7.730778e+01,777,30,4.142911e+02,831,630
318,7,881,715,1,794,162,1.530413e+02,NaN,NaN,4.079775e+02,NaN,NaN
319,5,800,34,1,843,766,1.893305e+02,NaN,NaN,3.566715e+02,NaN,NaN
320,1,529,412,1,1152,334,6.709975e+01,NaN,NaN,4.248370e+02,NaN,NaN
321,5,800,134,1,943,666,1.880198e+02,NaN,NaN,3.541341e+02,NaN,NaN
322,7,881,715,1,894,162,7.284356e+01,NaN,NaN,2.774201e+02,NaN,NaN
323,3,1175,378,1,635,315,3.944776e+01,NaN,NaN,3.015792e+02,NaN,NaN
324,6,908,70,1,804,715,1.372181e+02,595,468,3.474343e+02,1192,407
325,5,800,134,1,943,766,9.620379e+01,NaN,NaN,3.006332e+02,NaN,NaN
326,7,781,715,1,794,62,4.837020e+01,NaN,NaN,2.971762e+02,NaN,NaN
327,6,808,70,1,804,615,1.497693e+02,495,468,2.863638e+02,1092,307
328,1,529,412,1,1252,334,1.569729e+02,NaN,NaN,3.717719e+02,NaN,NaN
329,4,1100,438,1,502,390,6.246670e+01,877,30,2.756514e+02,831,630
330,2,573,351,1,1080,305,2.488311e+01,913,-16,3.009250e+02,957,775
331,8,852,757,1,806,76,2.081583e+02,1154,430,3.047017e+02,491,430
332,7,781,615,1,894,162,1.229965e+02,NaN,NaN,3.250666e+02,NaN,NaN
333,1,529,312,1,1252,334,1.380017e+02,NaN,NaN,3.590738e+02,NaN,NaN
334,2,573,351,1,1080,305,4.443856e+01,913,-16,4.087101e+02,957,675
335,7,781,715,1,894,62,1.257864e+02,NaN,NaN,3.710096e+02,NaN,NaN
336,3,1175,478,1,535,415,-4.251361e+01,NaN,NaN,2.911609e+02,NaN,NaN
337,8,852,657,1,906,76,1.417648e+01,1154,430,3.411839e+02,491,330
338,6,808,170,1,804,715,2.194070e+02,495,468,3.507632e+02,1192,407
339,3,1075,378,1,635,415,1.577997e+02,NaN,NaN,3.588483e+02,NaN,NaN
340,6,808,170,1,804,615,1.924077e+02,595,368,3.827598e+02,1192,407
341,5,900,134,1,843,666,3.614361e+01,NaN,NaN,2.974571e+02,NaN,NaN
342,1,529,312,1,1252,434,2.082898e+02,NaN,NaN,4.217906e+02,NaN,NaN
343,5,900,34,1,843,666,1.672401e+02,NaN,NaN,3.551269e+02,NaN,NaN
344,8,852,657,1,806,76,1.019598e+02,1154,330,4.130612e+02,591,330
345,6,908,70,1,904,615,5.522921e+01,495,368,3.595171e+02,1092,407
346,2,573,351,1,1080,305,1.528750e+02,813,84,4.001080e+02,857,675
347,4,1100,338,1,502,390,2.304155e+01,777,30,3.513640e+02,931,630
348,2,573,451,1,1080,405,1.276254e+02,813,84,3.174044e+02,857,675
349,4,1200,338,1,602,290,1.547707e+02,777,30,3.257567e+02,831,730
350,8,852,657,1,906,76,1.588390e+02,1154,330,3.278196e+02,491,330
351,6,808,170,1,804,715,9.903303e+01,595,368,3.833038e+02,1192,307
352,7,881,715,1,894,62,9.222493e+01,NaN,NaN,3.963880e+02,NaN,NaN
353,3,1175,378,1,535,415,5.404149e+01,NaN,NaN,3.046130e+02,NaN,NaN
354,3,1175,478,1,535,415,2.267584e+02,NaN,NaN,3.166007e+02,NaN,NaN
355,2,473,451,1,1080,305,1.247966e+02,913,84,4.141912e+02,857,675
356,5,800,34,1,843,766,8.093739e+01,NaN,NaN,3.616730e+02,NaN,NaN
357,8,852,657,1,906,176,1.794637e+02,1254,430,3.230629e+02,591,330
358,7,781,715,1,794,162,1.806711e+02,NaN,NaN,3.755926e+02,NaN,NaN
359,1,529,412,1,1152,334,1.652785e+02,NaN,NaN,3.483780e+02,NaN,NaN
360,3,1175,378,1,535,315,4.886451e+01,NaN,NaN,3.924367e+02,NaN,NaN
361,8,852,657,1,806,76,1.154478e+02,1154,330,4.118880e+02,491,330
362,3,1075,478,1,535,315,8.360980e+01,NaN,NaN,4.233235e+02,NaN,NaN
363,1,529,412,1,1252,434,5.640257e+01,NaN,NaN,3.025002e+02,NaN,NaN
364,4,1200,438,1,602,390,1.410435e+02,777,30,3.948242e+02,931,730
365,3,1175,478,1,635,315,6.736873e+01,NaN,NaN,4.085250e+02,NaN,NaN
366,2,573,451,1,1180,405,7.998300e+01,913,-16,3.529150e+02,957,775
367,6,808,70,1,804,615,1.626421e+02,495,368,3.419696e+02,1092,407
368,4,1100,438,1,602,290,7.581813e+01,777,30,3.865212e+02,931,630
369,7,781,615,1,894,162,1.825857e+02,NaN,NaN,3.746853e+02,NaN,NaN
370,3,1075,478,1,535,415,1.021964e+02,NaN,NaN,2.841218e+02,NaN,NaN
371,3,1075,378,1,635,315,1.294588e+02,NaN,NaN,3.513313e+02,NaN,NaN
372,3,1075,378,1,535,315,1.057155e+01,NaN,NaN,4.029777e+02,NaN,NaN
373,5,900,34,1,843,666,1.420936e+02,NaN,NaN,3.805934e+02,NaN,NaN
374,8,952,757,1,906,176,4.849631e+01,1154,330,3.792970e+02,591,330
375,4,1200,438,1,502,290,4.921810e+01,777,30,3.590561e+02,931,630
376,7,881,715,1,794,62,1.929530e+02,NaN,NaN,3.837989e+02,NaN,NaN
377,5,900,34,1,943,766,1.011817e+02,NaN,NaN,3.858515e+02,NaN,NaN
378,6,908,170,1,904,715,1.688282e+02,595,468,2.912269e+02,1092,307
379,5,800,34,1,843,766,7.608953e+01,NaN,NaN,3.430563e+02,NaN,NaN
380,2,573,451,1,1080,305,4.741188e+01,913,84,3.831115e+02,957,675
381,2,473,351,1,1080,305,9.751813e+01,913,84,3.711825e+02,857,675
382,4,1100,338,1,602,390,1.093263e+01,877,30,2.793625e+02,931,630
383,7,781,715,1,794,62,9.456349e+01,NaN,NaN,3.790631e+02,NaN,NaN
384,4,1200,438,1,602,390,-1.045912e+00,777,30,3.447719e+02,831,730
385,3,1175,378,1,535,315,7.613334e+01,NaN,NaN,2.931392e+02,NaN,NaN
386,5,900,134,1,843,766,9.518004e+01,NaN,NaN,2.756690e+02,NaN,NaN
387,4,1100,338,1,602,290,1.345336e+02,777,30,2.768464e+02,931,630
388,6,908,170,1,904,615,9.275576e+01,495,368,2.980381e+02,1092,307
389,1,629,312,1,1152,434,1.405904e+02,NaN,NaN,3.701860e+02,NaN,NaN
390,7,881,715,1,894,162,1.601265e+01,NaN,NaN,4.241685e+02,NaN,NaN
391,6,908,70,1,804,715,2.023148e+02,495,468,3.663074e+02,1092,407
392,2,573,451,1,1080,305,1.939886e+02,913,-16,4.179001e+02,957,775
393,8,852,757,1,806,76,1.026471e+01,1154,330,3.979406e+02,591,330
394,8,852,757,1,806,76,7.435267e+00,1254,430,4.248933e+02,491,330
395,3,1175,478,1,635,315,1.542083e+02,NaN,NaN,3.337881e+02,NaN,NaN
396,7,881,715,1,894,162,5.484446e+00,NaN,NaN,3.362937e+02,NaN,NaN
397,7,781,615,1,894,162,2.088422e+02,NaN,NaN,2.891949e+02,NaN,NaN
398,1,529,412,1,1252,434,4.856508e+01,NaN,NaN,3.619639e+02,NaN,NaN
399,2,573,351,1,1080,305,3.417536e+01,913,84,3.392426e+02,857,775
400,1,529,412,1,1252,334,6.185836e+01,NaN,NaN,3.519679e+02,NaN,NaN
401,3,1175,378,1,535,415,4.035513e+01,NaN,NaN,2.924710e+02,NaN,NaN
402,2,573,451,1,1180,405,1.433354e+02,813,84,3.401142e+02,857,775
403,7,781,715,1,894,62,-1.832988e+01,NaN,NaN,3.910204e+02,NaN,NaN
404,2,473,451,1,1080,305,8.405365e+01,813,-16,4.206360e+02,857,675
405,8,852,657,1,906,176,5.171758e+01,1154,330,3.420378e+02,491,330
406,6,908,170,1,804,615,3.234808e+01,495,468,3.723751e+02,1092,307
407,6,808,70,1,804,615,1.113462e+02,595,368,4.029365e+02,1092,407
408,1,629,312,1,1252,434,7.548399e+01,NaN,NaN,3.607715e+02,NaN,NaN
409,1,529,312,1,1152,334,1.516894e+02,NaN,NaN,3.171128e+02,NaN,NaN
410,8,952,657,1,906,176,1.518847e+02,1154,330,3.760145e+02,491,330
411,7,881,715,1,894,162,4.735359e-01,NaN,NaN,3.915737e+02,NaN,NaN
412,1,529,312,1,1252,334,5.930380e+01,NaN,NaN,2.752452e+02,NaN,NaN
413,5,800,34,1,843,766,9.191191e+01,NaN,NaN,4.162157e+02,NaN,NaN
414,7,781,715,1,894,62,3.219574e+01,NaN,NaN,3.335188e+02,NaN,NaN
415,6,908,170,1,804,615,1.072142e+02,495,368,3.418116e+02,1092,307
416,7,781,615,1,794,62,1.888896e+02,NaN,NaN,2.880126e+02,NaN,NaN
417,2,473,351,1,1180,305,1.736465e+02,913,-16,3.239191e+02,857,775
418,2,573,451,1,1180,305,1.412094e+02,913,-16,3.584636e+02,957,675
419,3,1075,378,1,635,315,1.493866e+02,NaN,NaN,2.760286e+02,NaN,NaN
420,2,573,351,1,1180,305,-1.478665e+01,813,-16,3.500517e+02,957,775
421,7,881,715,1,794,62,1.017516e+02,NaN,NaN,3.836298e+02,NaN,NaN
422,2,473,451,1,1180,405,1.395036e+02,813,84,4.208962e+02,857,775
423,8,852,757,1,906,176,1.625907e+02,1254,330,3.446029e+02,591,430
424,5,800,134,1,843,766,2.045737e+02,NaN,NaN,3.411210e+02,NaN,NaN
425,4,1100,438,1,602,390,-1.793704e+00,777,130,4.009167e+02,831,730
426,8,952,657,1,806,76,1.871110e+02,1254,430,3.757961e+02,491,430
427,6,808,170,1,804,615,8.286594e+00,495,368,4.128712e+02,1092,307
428,5,800,34,1,843,666,7.194177e+01,NaN,NaN,4.177923e+02,NaN,NaN
429,5,800,34,1,943,766,1.104552e+02,NaN,NaN,2.935968e+02,NaN,NaN
430,6,908,170,1,804,715,9.347600e+01,595,368,3.052996e+02,1192,307
431,5,800,134,1,943,666,1.313616e+02,NaN,NaN,2.897002e+02,NaN,NaN
432,2,473,451,1,1080,305,-1.108678e+01,813,84,3.376658e+02,857,675
433,7,881,715,1,794,62,6.160279e+01,NaN,NaN,3.454601e+02,NaN,NaN
434,5,800,134,1,843,666,1.382796e+02,NaN,NaN,3.599111e+02,NaN,NaN
435,1,629,312,1,1252,434,1.142520e+02,NaN,NaN,4.022442e+02,NaN,NaN
436,6,808,70,1,804,715,9.429050e+01,595,468,2.829938e+02,1192,407
437,4,1100,438,1,502,390,1.347148e+02,777,130,4.019134e+02,931,730
438,1,529,412,1,1252,434,4.334648e+01,NaN,NaN,3.653756e+02,NaN,NaN
439,4,1100,338,1,602,390,1.029907e+02,877,130,3.789931e+02,931,630
440,6,808,170,1,904,615,2.213069e+02,595,468,2.771260e+02,1092,407
441,8,852,657,1,906,76,1.117927e+02,1254,430,3.618372e+02,591,430
442,3,1175,378,1,535,315,9.844991e+01,NaN,NaN,3.368592e+02,NaN,NaN
443,5,900,34,1,843,766,7.147212e+01,NaN,NaN,4.081881e+02,NaN,NaN
444,5,900,34,1,943,666,7.885981e+01,NaN,NaN,3.381538e+02,NaN,NaN
445,2,473,351,1,1080,405,8.177273e+01,813,-16,3.121557e+02,857,775
446,8,852,757,1,806,76,9.932563e+01,1254,330,3.483170e+02,591,330
447,3,1175,478,1,535,415,1.498185e+02,NaN,NaN,3.964971e+02,NaN,NaN
448,6,908,70,1,904,715,1.702834e+02,495,368,2.769885e+02,1092,307
449,4,1100,338,1,502,390,4.885901e+01,877,30,3.326526e+02,931,730
450,7,781,615,1,894,62,1.640696e+02,NaN,NaN,3.898320e+02,NaN,NaN
451,6,908,170,1,804,715,1.609220e+02,595,368,3.207515e+02,1092,407
452,7,881,715,1,794,62,1.134772e+02,NaN,NaN,2.977628e+02,NaN,NaN
453,5,900,134,1,843,766,1.027230e+02,NaN,NaN,3.973927e+02,NaN,NaN
454,8,852,657,1,906,176,1.144219e+02,1254,330,3.958482e+02,591,430
455,4,1100,438,1,502,390,1.482565e+02,777,30,3.689434e+02,931,730
456,1,629,312,1,1152,334,1.623374e+02,NaN,NaN,3.864831e+02,NaN,NaN
457,2,473,451,1,1180,405,4.918188e+01,813,84,3.437735e+02,957,675
458,4,1100,338,1,502,390,1.289196e+02,877,130,2.788100e+02,931,730
459,8,852,657,1,906,76,6.701381e+01,1254,330,4.169841e+02,491,430
460,4,1200,438,1,502,290,7.408117e+01,877,130,4.075408e+02,931,630
461,3,1175,478,1,635,415,2.141608e+01,NaN,NaN,2.826107e+02,NaN,NaN
462,4,1200,338,1,602,390,1.702957e+02,777,130,3.786276e+02,931,730
463,4,1100,338,1,602,290,1.670644e+02,777,130,2.853834e+02,931,730
464,5,800,34,1,943,666,7.591453e+01,NaN,NaN,3.087155e+02,NaN,NaN
465,4,1200,438,1,602,390,6.401307e+01,877,130,3.390364e+02,931,730
466,2,473,351,1,1080,405,4.388811e+01,813,84,3.982491e+02,957,775
467,3,1175,378,1,535,315,2.277754e+02,NaN,NaN,3.730729e+02,NaN,NaN
468,1,529,412,1,1252,334,7.772035e+01,NaN,NaN,3.256852e+02,NaN,NaN
469,5,900,134,1,943,666,5.753164e+01,NaN,NaN,2.890451e+02,NaN,NaN
470,3,1175,378,1,535,315,2.438514e+02,NaN,NaN,3.465759e+02,NaN,NaN
471,3,1075,378,1,535,415,-7.924894e+00,NaN,NaN,3.542827e+02,NaN,NaN
472,3,1075,378,1,635,415,9.949833e+01,NaN,NaN,3.274153e+02,NaN,NaN
473,3,1175,378,1,535,315,8.737720e+01,NaN,NaN,3.148860e+02,NaN,NaN
474,8,952,657,1,906,76,9.246025e+01,1154,330,3.845800e+02,491,330
475,4,1100,338,1,502,390,-3.649153e+01,877,130,3.476123e+02,831,630
476,6,908,170,1,804,715,1.927261e+02,495,468,3.621623e+02,1192,407
477,1,629,412,1,1252,434,1.018503e+02,NaN,NaN,3.105817e+02,NaN,NaN
478,7,781,615,1,894,162,1.485501e+02,NaN,NaN,3.092337e+02,NaN,NaN
479,8,952,657,1,906,76,1.347663e+02,1154,330,4.067541e+02,491,330
480,1,529,312,1,1252,334,1.453202e+02,NaN,NaN,4.011490e+02,NaN,NaN
481,8,852,757,1,806,76,8.337111e+01,1154,330,3.784756e+02,591,330
482,3,1175,478,1,535,415,6.079080e+01,NaN,NaN,3.086334e+02,NaN,NaN
483,7,881,715,1,894,162,1.430580e+02,NaN,NaN,2.912634e+02,NaN,NaN
484,2,573,351,1,1080,305,1.383404e+02,813,-16,3.288325e+02,957,775
485,5,800,134,1,943,666,7.218751e+01,NaN,NaN,2.940742e+02,NaN,NaN
486,1,629,412,1,1252,334,1.757696e+01,NaN,NaN,3.756857e+02,NaN,NaN
487,7,781,615,1,894,62,1.543749e+02,NaN,NaN,3.539158e+02,NaN,NaN
488,1,629,412,1,1252,434,3.697405e+01,NaN,NaN,4.204893e+02,NaN,NaN
489,6,808,70,1,904,715,-3.085941e+01,495,368,3.127740e+02,1192,307
490,4,1200,438,1,502,290,2.111755e+02,777,30,3.468278e+02,831,630
491,3,1075,378,1,535,315,1.580806e+02,NaN,NaN,3.961665e+02,NaN,NaN
492,2,473,351,1,1080,305,1.413073e+02,813,84,2.807073e+02,857,775
493,3,1075,378,1,635,415,9.939551e+01,NaN,NaN,3.889587e+02,NaN,NaN
494,3,1175,378,1,635,415,2.401447e+02,NaN,NaN,4.243354e+02,NaN,NaN
495,4,1200,438,1,502,290,6.025517e+01,777,30,2.798296e+02,831,630
496,1,629,312,1,1252,434,1.228802e+02,NaN,NaN,3.494160e+02,NaN,NaN
497,8,952,657,1,806,76,-1.691596e+01,1154,430,3.472886e+02,491,330
498,2,473,451,1,1180,305,-8.999354e+00,913,-16,2.877004e+02,857,675
499,8,852,757,1,906,76,7.164037e+01,1154,330,3.846464e+02,591,330
500,7,881,615,1,794,162,3.413079e+01,NaN,NaN,4.133938e+02,NaN,NaN
501,3,1175,378,1,535,415,1.110882e+02,NaN,NaN,3.664055e+02,NaN,NaN
502,2,573,351,1,1080,305,7.851514e+01,813,84,3.393547e+02,957,675
503,6,908,70,1,904,615,6.589743e+00,595,468,4.244380e+02,1192,407
504,6,808,170,1,804,615,1.147790e+02,595,368,3.836732e+02,1092,407
505,1,529,412,1,1252,334,1.711394e+02,NaN,NaN,3.153722e+02,NaN,NaN
506,8,852,757,1,906,76,1.402973e+02,1154,430,3.191956e+02,491,430
507,3,1175,378,1,635,315,2.389269e+02,NaN,NaN,2.851744e+02,NaN,NaN
508,6,808,70,1,804,615,1.594962e+02,595,368,3.850650e+02,1092,307
509,6,808,70,1,804,615,1.302811e+02,495,468,2.875518e+02,1192,407
510,1,629,312,1,1252,434,-1.190030e+01,NaN,NaN,3.356980e+02,NaN,NaN
511,6,908,70,1,904,715,1.031741e+02,495,368,3.912700e+02,1092,407
512,8,852,757,1,906,76,8.671337e+01,1254,330,2.795718e+02,591,430
513,1,529,312,1,1252,334,1.702200e+02,NaN,NaN,4.186284e+02,NaN,NaN
514,8,952,757,1,806,76,5.403258e+01,1154,330,2.896821e+02,591,430
515,1,629,312,1,1252,334,1.133241e+02,NaN,NaN,4.187993e+02,NaN,NaN
516,1,629,312,1,1152,434,1.073591e+02,NaN,NaN,3.315446e+02,NaN,NaN
517,3,1075,478,1,535,315,6.348260e+01,NaN,NaN,2.964940e+02,NaN,NaN
518,4,1100,338,1,502,390,1.023897e+02,777,30,2.986438e+02,931,730
519,4,1100,438,1,502,390,5.836432e+01,777,30,3.675829e+02,831,730
520,5,800,34,1,843,766,-1.639860e+01,NaN,NaN,3.515644e+02,NaN,NaN
521,4,1200,338,1,602,390,9.387628e+01,777,30,2.933489e+02,931,630
522,7,781,715,1,894,162,1.622812e+02,NaN,NaN,4.076731e+02,NaN,NaN
523,6,908,170,1,904,615,1.015490e+02,595,468,4.204585e+02,1192,407
524,5,800,34,1,843,766,4.916259e+01,NaN,NaN,2.921502e+02,NaN,NaN
525,8,952,757,1,906,176,2.033201e+02,1154,330,2.893234e+02,591,430
526,1,529,312,1,1252,434,2.464587e+01,NaN,NaN,2.881366e+02,NaN,NaN
527,8,852,657,1,906,176,3.574401e+01,1154,330,3.679189e+02,491,430
528,7,781,615,1,894,62,6.073476e+01,NaN,NaN,2.819021e+02,NaN,NaN
529,5,900,134,1,843,766,-7.674707e+00,NaN,NaN,3.023164e+02,NaN,NaN
530,3,1175,478,1,535,415,1.418965e+02,NaN,NaN,3.987004e+02,NaN,NaN
531,3,1075,378,1,535,315,1.632330e+02,NaN,NaN,3.190313e+02,NaN,NaN
532,5,900,134,1,943,666,1.448214e+02,NaN,NaN,3.740483e+02,NaN,NaN
533,7,781,615,1,794,62,1.007113e+02,NaN,NaN,2.905198e+02,NaN,NaN
534,2,473,451,1,1180,405,1.980658e+02,813,-16,2.946681e+02,957,775
535,3,1075,378,1,635,415,1.939714e+02,NaN,NaN,4.074732e+02,NaN,NaN
536,5,800,34,1,943,666,1.524493e+02,NaN,NaN,3.459971e+02,NaN,NaN
537,2,573,351,1,1180,405,1.679078e+02,913,-16,3.705604e+02,857,675
538,2,573,451,1,1080,305,7.063677e+01,913,-16,3.107554e+02,957,775
539,4,1100,438,1,602,290,5.741253e+01,877,30,3.884914e+02,931,730
540,5,900,34,1,843,666,4.184360e+01,NaN,NaN,3.023192e+02,NaN,NaN
541,7,881,615,1,894,162,1.873711e+02,NaN,NaN,3.527014e+02,NaN,NaN
542,7,781,615,1,894,162,2.355369e+02,NaN,NaN,3.115160e+02,NaN,NaN
543,5,900,134,1,843,766,4.215918e+01,NaN,NaN,4.150571e+02,NaN,NaN
544,4,1100,438,1,502,390,-3.303871e+00,877,130,3.514374e+02,831,730
545,5,900,134,1,943,666,1.976831e+02,NaN,NaN,4.071883e+02,NaN,NaN
546,5,900,34,1,843,766,5.112794e+01,NaN,NaN,3.676546e+02,NaN,NaN
547,3,1075,378,1,535,415,1.411456e+02,NaN,NaN,3.951099e+02,NaN,NaN
548,2,573,351,1,1080,405,2.223246e+02,813,84,2.987789e+02,957,675
549,4,1200,438,1,502,390,1.044223e+01,877,30,4.127046e+02,931,730
550,6,808,170,1,804,715,6.410176e+01,495,368,2.954023e+02,1092,407
551,5,900,134,1,943,666,9.438468e+01,NaN,NaN,3.149908e+02,NaN,NaN
552,5,800,134,1,843,766,7.286122e+01,NaN,NaN,4.058236e+02,NaN,NaN
553,4,1200,438,1,602,290,1.743807e+02,777,130,2.801389e+02,931,630
554,3,1075,478,1,635,415,9.890997e+01,NaN,NaN,3.544175e+02,NaN,NaN
555,2,573,351,1,1080,405,4.438166e+01,913,-16,3.913148e+02,957,675
556,8,852,757,1,906,76,2.283336e+02,1254,330,3.150020e+02,591,330
557,2,473,451,1,1180,405,1.677783e+02,913,84,3.865976e+02,957,775
558,6,808,170,1,804,615,1.924068e+02,495,368,4.043712e+02,1192,407
559,2,473,451,1,1180,405,1.386606e+02,913,-16,3.469526e+02,957,775
560,8,952,757,1,806,176,3.666949e+00,1254,430,3.274554e+02,591,330
561,8,952,757,1,906,76,8.847992e+01,1254,430,4.219456e+02,591,330
562,6,908,70,1,904,615,3.539747e+01,595,468,3.621185e+02,1092,307
563,7,881,715,1,894,162,1.421667e+02,NaN,NaN,4.055391e+02,NaN,NaN
564,4,1100,438,1,502,290,1.528471e+02,777,130,3.784941e+02,931,730
565,1,629,412,1,1152,334,1.224837e+02,NaN,NaN,3.391102e+02,NaN,NaN
566,2,573,351,1,1180,405,4.324425e+01,813,-16,4.066704e+02,957,775
567,7,881,715,1,794,62,1.333968e+02,NaN,NaN,2.776632e+02,NaN,NaN
568,7,781,615,1,894,62,4.995863e+01,NaN,NaN,3.884432e+02,NaN,NaN
569,6,808,170,1,804,615,1.480298e+02,495,368,3.235143e+02,1192,307
570,8,852,657,1,906,176,1.060354e+02,1154,330,4.078142e+02,591,330
571,4,1200,338,1,602,390,1.911898e+02,877,130,4.077703e+02,931,630
572,1,529,412,1,1152,434,7.875720e+01,NaN,NaN,3.161678e+02,NaN,NaN
573,4,1100,338,1,602,290,2.130249e+02,777,130,3.359095e+02,931,730
574,7,881,615,1,894,62,8.550610e+01,NaN,NaN,3.768236e+02,NaN,NaN
575,1,529,312,1,1152,334,1.681418e+02,NaN,NaN,3.685632e+02,NaN,NaN
576,6,908,170,1,904,715,3.984217e+01,595,468,4.168577e+02,1092,407
577,5,800,34,1,943,666,1.488929e+02,NaN,NaN,3.195033e+02,NaN,NaN
578,1,529,412,1,1252,434,6.533957e+01,NaN,NaN,3.443354e+02,NaN,NaN
579,3,1175,478,1,535,315,2.251447e+02,NaN,NaN,4.231122e+02,NaN,NaN
580,2,473,451,1,1180,305,1.441483e+02,813,-16,3.348823e+02,957,675
581,8,852,757,1,906,176,1.493405e+02,1254,430,3.013790e+02,491,430
582,6,808,170,1,904,615,1.069584e+02,495,368,3.054189e+02,1092,407
583,5,900,34,1,843,666,-8.458351e+00,NaN,NaN,3.625378e+02,NaN,NaN
584,7,881,615,1,794,162,1.437377e+02,NaN,NaN,3.451346e+02,NaN,NaN
585,2,573,451,1,1080,305,5.754717e+01,913,-16,3.125396e+02,957,675
586,1,529,412,1,1152,334,1.482194e+02,NaN,NaN,2.851830e+02,NaN,NaN
587,2,473,351,1,1180,405,-7.181153e-01,813,-16,4.177414e+02,957,775
588,8,952,757,1,806,76,1.419988e+02,1254,330,4.217383e+02,591,430
589,1,529,412,1,1152,334,1.555972e+02,NaN,NaN,3.626341e+02,NaN,NaN
590,8,952,757,1,806,76,1.132826e+02,1254,430,3.597443e+02,491,430
591,5,900,34,1,843,766,-3.445072e+01,NaN,NaN,3.309301e+02,NaN,NaN
592,1,529,312,1,1152,434,8.306281e+01,NaN,NaN,2.892019e+02,NaN,NaN
593,6,808,170,1,804,715,1.492233e+02,495,368,3.597971e+02,1092,307
594,5,900,34,1,843,666,3.890379e+01,NaN,NaN,3.819868e+02,NaN,NaN
595,3,1075,478,1,535,415,1.635822e+02,NaN,NaN,3.928872e+02,NaN,NaN
596,2,473,351,1,1080,305,3.827541e+01,913,-16,3.906006e+02,857,775
597,3,1075,378,1,635,315,2.531974e+01,NaN,NaN,3.860109e+02,NaN,NaN
598,7,781,715,1,894,162,1.468149e+02,NaN,NaN,3.589545e+02,NaN,NaN
599,6,908,70,1,904,615,7.654962e+01,595,368,2.752003e+02,1092,407
600,6,908,70,1,804,615,1.613682e+02,595,368,3.611816e+02,1092,307
601,4,1200,338,1,502,290,9.152578e+01,777,130,3.076306e+02,831,730
602,3,1075,378,1,535,415,1.487777e+02,NaN,NaN,2.838823e+02,NaN,NaN
603,1,529,312,1,1252,334,6.075483e+01,NaN,NaN,3.383474e+02,NaN,NaN
604,6,808,70,1,804,715,1.122702e+02,495,368,2.807558e+02,1192,407
605,7,881,715,1,794,62,1.557801e+02,NaN,NaN,3.598275e+02,NaN,NaN
606,3,1075,478,1,635,315,6.981490e+01,NaN,NaN,3.519411e+02,NaN,NaN
607,1,529,312,1,1252,434,1.557615e+02,NaN,NaN,3.243953e+02,NaN,NaN
608,4,1200,438,1,502,390,1.685665e+01,877,30,3.070180e+02,931,630
609,3,1075,378,1,535,415,7.133438e+00,NaN,NaN,3.688948e+02,NaN,NaN
610,4,1100,438,1,602,290,1.530192e+02,777,30,3.984251e+02,931,630
611,2,573,451,1,1080,305,1.493793e+02,913,-16,3.515647e+02,957,775
612,2,573,451,1,1080,305,1.487753e+02,913,84,2.950772e+02,857,775
613,6,808,170,1,804,715,6.953846e+01,495,468,3.735383e+02,1192,407
614,7,881,715,1,794,162,2.073841e+02,NaN,NaN,4.187543e+02,NaN,NaN
615,1,529,312,1,1152,334,5.908294e+01,NaN,NaN,2.828614e+02,NaN,NaN
616,4,1200,338,1,602,290,1.364458e+02,777,30,2.894164e+02,931,730
617,4,1100,438,1,502,390,1.800608e+02,777,130,2.773159e+02,931,730
618,3,1075,478,1,635,315,1.309731e+02,NaN,NaN,3.709372e+02,NaN,NaN
619,3,1075,478,1,635,415,1.883692e+02,NaN,NaN,3.614551e+02,NaN,NaN
620,2,573,351,1,1180,405,9.554223e+01,913,84,3.860482e+02,957,675
621,4,1200,438,1,502,390,1.046477e+02,777,30,3.600438e+02,931,730
622,6,808,70,1,804,615,1.358154e+02,595,468,3.885731e+02,1192,407
623,2,573,451,1,1180,305,1.301336e+02,913,-16,4.055234e+02,957,775
624,6,908,70,1,904,615,1.885542e+01,595,368,3.702604e+02,1192,307
625,4,1200,438,1,602,290,1.508649e+02,777,130,4.246167e+02,831,630
626,3,1075,378,1,635,315,1.706040e+01,NaN,NaN,3.234776e+02,NaN,NaN
627,8,952,657,1,906,176,1.809366e+02,1254,330,3.634389e+02,491,330
628,8,852,657,1,806,76,8.641639e+01,1154,430,3.658066e+02,591,430
629,4,1200,338,1,602,390,1.934167e+02,877,30,3.818687e+02,931,630
630,5,800,134,1,843,666,4.121047e+01,NaN,NaN,3.734485e+02,NaN,NaN
631,8,852,657,1,806,176,4.616903e+01,1254,330,3.515697e+02,591,430
632,8,952,657,1,806,76,1.763625e+02,1254,330,3.635383e+02,491,330
633,1,529,312,1,1252,334,1.398571e+02,NaN,NaN,2.847481e+02,NaN,NaN
634,5,900,134,1,843,666,1.770483e+02,NaN,NaN,3.793885e+02,NaN,NaN
635,5,900,34,1,843,666,5.277086e+01,NaN,NaN,3.523154e+02,NaN,NaN
636,8,852,657,1,806,176,1.519274e+02,1154,430,3.002071e+02,591,430
637,3,1075,478,1,535,415,6.824240e+01,NaN,NaN,3.175555e+02,NaN,NaN
638,8,852,757,1,906,176,1.708074e+02,1154,430,3.258744e+02,591,330
639,7,881,715,1,794,162,2.022556e+02,NaN,NaN,4.058810e+02,NaN,NaN
640,1,629,312,1,1252,434,2.268291e+02,NaN,NaN,3.529719e+02,NaN,NaN
641,5,800,134,1,843,766,3.327331e+01,NaN,NaN,3.101026e+02,NaN,NaN
642,5,900,134,1,843,766,3.626731e+01,NaN,NaN,3.394767e+02,NaN,NaN
643,2,473,451,1,1180,405,8.285449e+01,813,-16,3.826004e+02,957,775
644,6,808,170,1,804,715,1.596018e+02,495,468,3.763064e+02,1192,407
645,2,473,451,1,1080,405,4.084605e+01,913,-16,4.215562e+02,957,675
646,2,473,351,1,1180,305,9.204032e+01,913,-16,3.191015e+02,957,775
647,7,881,715,1,794,62,3.304002e+01,NaN,NaN,4.035589e+02,NaN,NaN
648,1,629,412,1,1252,334,1.093093e+02,NaN,NaN,3.242986e+02,NaN,NaN
649,8,852,657,1,806,76,7.122133e-01,1154,430,4.053360e+02,491,430
650,7,881,715,1,894,62,1.185047e+02,NaN,NaN,3.344002e+02,NaN,NaN
651,5,900,34,1,943,766,1.357110e+02,NaN,NaN,2.915928e+02,NaN,NaN
652,6,808,70,1,804,715,9.295556e+01,595,468,3.962388e+02,1092,307
653,7,781,715,1,894,62,1.136580e+02,NaN,NaN,3.167816e+02,NaN,NaN
654,4,1200,338,1,602,390,8.948301e+01,777,30,3.032316e+02,831,630
655,7,881,715,1,794,162,5.286210e+01,NaN,NaN,3.192529e+02,NaN,NaN
656,8,852,657,1,806,76,1.641200e+02,1154,330,3.628848e+02,591,330
657,4,1200,438,1,602,290,1.423005e+02,877,30,3.310321e+02,931,630
658,5,800,134,1,843,766,1.892744e+02,NaN,NaN,3.720018e+02,NaN,NaN
659,1,629,312,1,1152,434,9.177838e+01,NaN,NaN,3.278718e+02,NaN,NaN
660,7,781,715,1,794,162,4.143263e+01,NaN,NaN,3.866345e+02,NaN,NaN
661,2,473,351,1,1080,305,1.538033e+02,913,-16,3.156188e+02,957,775
662,7,781,615,1,794,162,9.610335e+01,NaN,NaN,3.262781e+02,NaN,NaN
663,8,952,657,1,806,176,2.205802e+02,1154,430,3.509624e+02,491,430
664,6,908,70,1,904,615,8.703580e+01,595,468,2.809956e+02,1092,307
665,3,1175,378,1,635,415,-1.101441e+01,NaN,NaN,4.237440e+02,NaN,NaN
666,7,781,715,1,894,162,1.584589e+02,NaN,NaN,4.216358e+02,NaN,NaN
667,4,1200,338,1,602,390,5.666058e+01,877,30,4.067703e+02,831,630
668,6,808,170,1,904,715,1.007667e+02,595,468,3.061307e+02,1092,307
669,4,1100,438,1,602,390,1.449199e+02,877,130,3.959362e+02,831,630
670,1,629,412,1,1152,434,5.128130e+01,NaN,NaN,2.939639e+02,NaN,NaN
671,5,900,34,1,943,766,5.567887e+01,NaN,NaN,4.089585e+02,NaN,NaN
672,3,1075,378,1,535,415,4.603022e+01,NaN,NaN,3.939109e+02,NaN,NaN
673,3,1175,378,1,535,315,1.704861e+02,NaN,NaN,2.755282e+02,NaN,NaN
674,3,1175,478,1,635,415,1.543278e+02,NaN,NaN,2.872327e+02,NaN,NaN
675,8,952,657,1,806,76,2.226943e+01,1154,330,3.325021e+02,591,430
676,7,781,615,1,894,162,1.780527e+02,NaN,NaN,3.624408e+02,NaN,NaN
677,4,1200,338,1,602,290,1.106378e+02,877,130,4.156413e+02,931,730
678,1,529,312,1,1252,434,2.462933e+02,NaN,NaN,2.963457e+02,NaN,NaN
679,2,473,351,1,1180,305,1.215359e+02,913,84,3.864265e+02,957,675
680,2,573,351,1,1180,305,-2.853365e+01,913,-16,3.655848e+02,957,775
681,2,473,351,1,1180,305,3.283577e+01,813,-16,3.312858e+02,857,675
682,1,629,412,1,1152,434,5.750427e+01,NaN,NaN,4.142004e+02,NaN,NaN
683,1,629,412,1,1252,334,1.614372e+02,NaN,NaN,3.980731e+02,NaN,NaN
684,8,852,657,1,806,176,4.488480e+01,1154,430,3.039834e+02,491,330
685,5,800,134,1,943,766,1.341378e+02,NaN,NaN,3.353152e+02,NaN,NaN
686,8,952,757,1,806,76,6.719535e+01,1154,330,2.880220e+02,591,330
687,2,473,451,1,1080,305,8.795720e+01,813,-16,3.920456e+02,857,675
688,4,1200,338,1,602,390,1.837969e+01,877,130,4.098617e+02,931,730
689,6,808,170,1,904,715,6.373160e+01,595,468,3.554265e+02,1192,407
690,8,852,657,1,806,76,7.242404e+01,1254,330,2.856557e+02,591,430
691,6,808,170,1,804,615,1.515184e+02,495,368,3.049478e+02,1192,307
692,3,1075,378,1,535,315,9.214889e+01,NaN,NaN,2.809188e+02,NaN,NaN
693,3,1075,378,1,535,415,8.291169e+01,NaN,NaN,3.282234e+02,NaN,NaN
694,6,808,170,1,904,615,1.206863e+02,595,468,3.948233e+02,1192,407
695,4,1200,438,1,502,290,1.360903e+02,877,130,4.015805e+02,831,730
696,2,573,351,1,1080,305,1.930548e+01,913,84,3.118565e+02,957,675
697,6,808,170,1,904,715,1.335347e+02,495,468,4.192376e+02,1092,407
698,3,1175,478,1,535,315,2.170941e+02,NaN,NaN,3.370091e+02,NaN,NaN
699,1,629,312,1,1152,334,-1.799125e+01,NaN,NaN,3.162946e+02,NaN,NaN
700,2,573,451,1,1180,305,1.417984e+01,813,84,3.229545e+02,857,675
701,1,529,412,1,1252,334,-2.362659e+01,NaN,NaN,3.812613e+02,NaN,NaN
702,3,1175,378,1,535,315,6.915931e+01,NaN,NaN,2.892049e+02,NaN,NaN
703,8,952,757,1,806,176,1.831648e+02,1254,330,3.993451e+02,491,330
704,6,908,70,1,804,715,2.947856e+01,495,468,3.238976e+02,1192,407
705,7,881,615,1,894,162,2.282333e+02,NaN,NaN,3.066334e+02,NaN,NaN
706,8,852,657,1,806,76,-1.744041e+00,1254,430,3.720866e+02,591,330
707,1,629,312,1,1252,334,7.632126e+01,NaN,NaN,3.819558e+02,NaN,NaN
708,8,952,657,1,906,176,7.336166e+01,1154,430,3.477057e+02,591,330
709,6,808,70,1,904,715,2.050229e+02,595,368,3.136728e+02,1192,407
710,3,1075,378,1,635,315,-1.772147e+01,NaN,NaN,3.465427e+02,NaN,NaN
711,4,1100,438,1,502,390,1.649465e+02,877,130,3.405148e+02,931,730
712,5,900,134,1,843,766,7.581721e+01,NaN,NaN,3.126341e+02,NaN,NaN
713,6,808,170,1,904,615,7.409604e+01,595,468,3.064077e+02,1192,407
714,2,573,351,1,1180,305,2.149662e+02,813,-16,3.375298e+02,857,775
715,1,629,312,1,1152,334,1.366982e+02,NaN,NaN,3.691262e+02,NaN,NaN
716,3,1175,378,1,635,415,1.661516e+02,NaN,NaN,3.749096e+02,NaN,NaN
717,5,800,34,1,843,766,1.063038e+02,NaN,NaN,3.692571e+02,NaN,NaN
718,5,800,134,1,943,666,1.922253e+02,NaN,NaN,2.977668e+02,NaN,NaN
719,6,908,70,1,904,615,1.221380e+02,495,368,4.039218e+02,1092,307
720,2,473,451,1,1180,305,8.199925e+00,813,84,3.674545e+02,857,675
721,5,800,134,1,943,666,1.324916e+02,NaN,NaN,4.040722e+02,NaN,NaN
722,2,473,351,1,1080,405,1.693220e+02,813,84,4.227907e+02,957,675
723,6,908,70,1,904,615,1.632058e+02,595,368,2.917594e+02,1092,407
724,6,908,170,1,904,615,1.272182e+02,495,468,4.052046e+02,1192,307
725,1,529,412,1,1252,334,1.345311e+02,NaN,NaN,3.901180e+02,NaN,NaN
726,4,1100,338,1,602,390,2.629828e+01,777,30,2.977076e+02,831,730
727,5,900,134,1,943,766,1.261499e+02,NaN,NaN,3.920782e+02,NaN,NaN
728,4,1100,438,1,502,390,1.340136e+01,877,130,3.125081e+02,831,630
729,8,952,657,1,906,76,7.409334e+01,1254,430,3.398470e+02,491,330
730,7,881,715,1,794,162,8.393776e+01,NaN,NaN,3.089051e+02,NaN,NaN
731,7,881,615,1,794,162,1.435480e+02,NaN,NaN,3.156862e+02,NaN,NaN
732,7,881,615,1,794,162,-7.759913e+00,NaN,NaN,3.941372e+02,NaN,NaN
733,7,781,615,1,894,62,1.666426e+02,NaN,NaN,3.249378e+02,NaN,NaN
734,6,808,70,1,904,715,1.400619e+02,595,368,2.992785e+02,1192,407
735,5,900,34,1,843,766,1.429123e+02,NaN,NaN,3.586635e+02,NaN,NaN
736,4,1100,338,1,502,290,1.900406e+02,777,30,3.334847e+02,931,730
737,2,473,351,1,1080,405,1.379634e+02,913,84,3.109527e+02,957,775
738,5,800,34,1,943,666,2.110970e+02,NaN,NaN,4.025750e+02,NaN,NaN
739,8,952,757,1,906,176,1.171582e+02,1254,430,4.086158e+02,491,330
740,8,952,657,1,906,76,5.601578e+01,1254,430,3.880137e+02,491,330
741,6,908,70,1,804,615,1.183576e+02,595,368,4.014631e+02,1192,407
742,4,1200,438,1,502,390,9.586724e+01,877,130,4.169540e+02,931,730
743,4,1200,438,1,602,290,4.890916e+01,877,130,3.315564e+02,831,730
744,3,1075,378,1,635,415,4.480761e+01,NaN,NaN,4.244115e+02,NaN,NaN
745,3,1175,378,1,635,415,1.635032e+02,NaN,NaN,2.848779e+02,NaN,NaN
746,5,900,34,1,943,666,4.010089e+01,NaN,NaN,3.311195e+02,NaN,NaN
747,1,529,312,1,1152,334,1.536325e+02,NaN,NaN,3.346609e+02,NaN,NaN
748,7,881,615,1,894,162,1.503510e+02,NaN,NaN,3.356755e+02,NaN,NaN
749,7,881,615,1,794,162,1.024531e+02,NaN,NaN,3.621558e+02,NaN,NaN
750,5,800,134,1,843,766,1.250218e+02,NaN,NaN,3.861176e+02,NaN,NaN
751,2,573,451,1,1080,305,2.240180e+02,913,-16,3.429454e+02,957,675
752,4,1200,438,1,502,290,1.054787e+02,777,130,2.857933e+02,831,730
753,8,952,657,1,806,76,8.192859e+01,1154,430,3.688484e+02,591,330
754,2,473,451,1,1080,305,9.892605e+01,913,84,2.844881e+02,957,675
755,7,781,715,1,794,62,1.284670e+02,NaN,NaN,3.377740e+02,NaN,NaN
756,3,1075,378,1,535,315,5.638043e+01,NaN,NaN,4.184075e+02,NaN,NaN
757,5,900,34,1,843,666,3.108237e+01,NaN,NaN,4.191827e+02,NaN,NaN
758,7,781,615,1,894,62,4.738991e+01,NaN,NaN,4.215309e+02,NaN,NaN
759,1,629,312,1,1252,334,4.208007e+01,NaN,NaN,3.462581e+02,NaN,NaN
760,1,529,312,1,1252,334,-1.504308e+01,NaN,NaN,3.833021e+02,NaN,NaN
761,1,529,312,1,1152,334,1.829511e+02,NaN,NaN,2.877716e+02,NaN,NaN
762,7,781,715,1,794,162,9.260298e+01,NaN,NaN,3.870519e+02,NaN,NaN
763,4,1200,338,1,502,290,1.280033e+02,877,30,3.583915e+02,831,730
764,4,1200,438,1,502,390,1.219385e+02,777,130,2.977053e+02,931,730
765,3,1075,378,1,535,415,1.070544e+02,NaN,NaN,2.953415e+02,NaN,NaN
766,5,900,34,1,843,766,1.697399e+02,NaN,NaN,4.078353e+02,NaN,NaN
767,7,781,615,1,894,62,7.627648e+01,NaN,NaN,2.939181e+02,NaN,NaN
768,8,852,757,1,906,176,8.830307e+01,1254,430,3.566645e+02,591,330
769,4,1200,338,1,502,390,-3.245968e+00,877,30,3.597040e+02,931,730
770,5,900,134,1,843,666,2.344772e+01,NaN,NaN,3.620703e+02,NaN,NaN
771,4,1100,338,1,602,390,6.573553e+01,877,130,3.288808e+02,831,630
772,6,808,70,1,904,615,1.972088e+02,595,468,3.825789e+02,1092,307
773,2,573,451,1,1180,405,1.541344e+02,813,84,2.922860e+02,957,775
774,8,952,757,1,906,76,1.628588e+02,1254,430,3.275282e+02,491,330
775,4,1100,338,1,602,390,9.930992e+01,877,130,3.901279e+02,931,730
776,3,1175,478,1,635,415,1.714542e+02,NaN,NaN,3.132121e+02,NaN,NaN
777,2,473,451,1,1080,305,1.985361e+02,813,84,3.794765e+02,957,775
778,6,808,70,1,904,715,5.306151e+01,495,368,3.738232e+02,1092,307
779,3,1075,478,1,635,315,7.292869e+01,NaN,NaN,2.947623e+02,NaN,NaN
780,1,529,312,1,1152,434,2.073147e+02,NaN,NaN,3.092368e+02,NaN,NaN
781,5,800,134,1,943,666,1.370449e+02,NaN,NaN,3.019506e+02,NaN,NaN
782,2,473,451,1,1080,405,1.955175e+01,813,-16,4.078379e+02,957,775
783,6,908,70,1,904,715,1.242086e+02,595,368,2.836241e+02,1192,407
784,1,529,412,1,1152,434,6.007399e+01,NaN,NaN,2.929133e+02,NaN,NaN
785,1,629,312,1,1252,434,4.356885e+01,NaN,NaN,3.435731e+02,NaN,NaN
786,7,881,715,1,794,62,6.305131e+01,NaN,NaN,2.786004e+02,NaN,NaN
787,2,473,351,1,1080,305,4.363157e+01,813,-16,3.348278e+02,957,675
788,7,781,715,1,794,162,9.904483e+01,NaN,NaN,4.016993e+02,NaN,NaN
789,6,808,170,1,904,715,8.266605e+01,595,468,4.099681e+02,1092,307
790,1,529,412,1,1252,434,1.430088e+02,NaN,NaN,4.045030e+02,NaN,NaN
791,6,808,170,1,804,615,1.270587e+01,595,368,3.523583e+02,1092,407
792,2,573,351,1,1180,405,1.000234e+02,813,84,3.658267e+02,857,675
793,7,881,715,1,794,162,-2.345480e+01,NaN,NaN,4.157393e+02,NaN,NaN
794,3,1175,478,1,635,315,-3.777249e+01,NaN,NaN,4.052522e+02,NaN,NaN
795,7,881,615,1,794,62,2.265225e+02,NaN,NaN,3.088162e+02,NaN,NaN
796,5,800,34,1,843,666,6.181056e+00,NaN,NaN,3.709176e+02,NaN,NaN
797,7,781,615,1,894,62,2.061073e+02,NaN,NaN,2.834059e+02,NaN,NaN
798,2,573,451,1,1180,405,3.623338e+01,813,84,4.109897e+02,957,775
799,8,852,757,1,906,176,-2.258983e+01,1254,330,4.188715e+02,591,330
800,8,852,757,1,906,176,1.204311e+02,1154,430,3.377202e+02,591,330
801,7,881,715,1,794,62,3.987537e+01,NaN,NaN,3.151334e+02,NaN,NaN
802,4,1100,338,1,502,290,-2.751092e+01,777,30,3.324332e+02,931,730
803,6,808,170,1,904,715,2.839097e+01,595,468,3.869080e+02,1092,407
804,3,1075,478,1,635,415,1.944077e+02,NaN,NaN,3.912623e+02,NaN,NaN
805,2,573,451,1,1180,405,4.670080e+01,913,84,3.501047e+02,857,675
806,4,1100,338,1,602,290,1.496091e+02,877,30,4.131919e+02,831,730
807,6,808,70,1,904,615,1.277218e+02,495,368,3.258835e+02,1192,407
808,7,781,715,1,894,62,9.186876e+01,NaN,NaN,3.780067e+02,NaN,NaN
809,1,529,312,1,1252,434,-9.983001e-01,NaN,NaN,3.453183e+02,NaN,NaN
810,5,900,134,1,943,766,8.481330e+01,NaN,NaN,3.886316e+02,NaN,NaN
811,2,573,451,1,1180,305,8.130395e+01,913,-16,3.142690e+02,857,675
812,6,808,70,1,804,715,3.017770e+01,595,368,3.837178e+02,1192,407
813,1,629,312,1,1152,434,1.329448e+02,NaN,NaN,3.109555e+02,NaN,NaN
814,8,852,657,1,806,76,9.930211e+01,1154,430,4.223635e+02,491,330
815,6,808,170,1,904,715,4.256259e+01,495,368,3.656408e+02,1092,407
816,1,629,412,1,1252,434,1.528274e+02,NaN,NaN,3.298660e+02,NaN,NaN
817,5,800,34,1,943,766,8.220623e+01,NaN,NaN,3.337289e+02,NaN,NaN
818,8,852,757,1,806,176,8.165740e+01,1254,430,4.081341e+02,591,430
819,5,900,34,1,943,766,4.542862e+01,NaN,NaN,3.322907e+02,NaN,NaN
820,4,1100,438,1,502,390,1.426613e+02,777,130,3.540787e+02,931,630
821,7,781,615,1,794,162,2.049954e+02,NaN,NaN,3.840769e+02,NaN,NaN
822,4,1200,338,1,602,390,8.904149e+01,877,30,2.817031e+02,831,730
823,7,881,715,1,794,62,1.891312e+02,NaN,NaN,2.897523e+02,NaN,NaN
824,2,473,351,1,1080,305,8.586109e+01,813,84,3.823230e+02,857,675
825,8,852,657,1,806,176,-3.773017e+01,1254,430,4.077147e+02,591,430
826,4,1100,338,1,602,290,9.131295e+01,877,30,2.792124e+02,831,630
827,2,573,351,1,1080,305,-9.331099e+00,813,-16,3.451453e+02,857,775
828,3,1175,378,1,635,315,1.576577e+02,NaN,NaN,3.363768e+02,NaN,NaN
829,1,629,312,1,1152,434,1.657876e+02,NaN,NaN,3.557105e+02,NaN,NaN
830,1,629,412,1,1152,434,1.118715e+02,NaN,NaN,3.610659e+02,NaN,NaN
831,3,1175,478,1,635,415,1.826390e+02,NaN,NaN,3.149787e+02,NaN,NaN
832,8,952,757,1,906,76,2.336072e+02,1254,430,2.978368e+02,591,430
833,5,900,134,1,843,666,1.728376e+02,NaN,NaN,3.948842e+02,NaN,NaN
834,8,952,757,1,806,76,4.223671e+01,1254,430,3.129256e+02,591,430
835,3,1175,378,1,635,315,-7.470258e+00,NaN,NaN,2.807402e+02,NaN,NaN
836,5,800,134,1,943,666,3.733649e+01,NaN,NaN,2.798119e+02,NaN,NaN
837,8,952,757,1,906,176,1.309393e+02,1254,330,3.006442e+02,591,330
838,2,573,351,1,1180,305,9.162403e+01,813,84,4.028167e+02,857,775
839,5,800,34,1,843,666,3.204062e+01,NaN,NaN,4.057837e+02,NaN,NaN
840,5,800,34,1,943,666,1.822109e+02,NaN,NaN,3.957635e+02,NaN,NaN
841,1,529,412,1,1252,434,1.531188e+02,NaN,NaN,3.022119e+02,NaN,NaN
842,3,1175,378,1,535,415,1.750401e+02,NaN,NaN,4.222847e+02,NaN,NaN
843,8,852,757,1,906,176,1.532458e+02,1154,430,3.652903e+02,591,330
844,7,781,615,1,794,62,5.607323e+00,NaN,NaN,3.562393e+02,NaN,NaN
845,4,1100,338,1,502,290,1.125595e+02,877,130,3.653570e+02,831,630
846,3,1075,378,1,635,315,2.225554e+01,NaN,NaN,3.048977e+02,NaN,NaN
847,2,573,451,1,1180,305,1.169012e+02,813,-16,3.077352e+02,857,775
848,4,1200,438,1,502,290,1.244893e+02,877,130,4.179444e+02,831,730
849,6,808,70,1,904,715,1.427551e+02,595,468,4.135749e+02,1192,307
850,7,881,615,1,794,62,1.704264e+02,NaN,NaN,3.346492e+02,NaN,NaN
851,5,900,34,1,943,666,5.212400e+01,NaN,NaN,3.827377e+02,NaN,NaN
852,3,1075,378,1,635,315,1.340183e+02,NaN,NaN,3.608307e+02,NaN,NaN
853,4,1200,338,1,502,390,1.974489e+02,777,30,2.927208e+02,931,730
854,5,900,34,1,943,766,3.638440e+01,NaN,NaN,3.416905e+02,NaN,NaN
855,6,908,70,1,904,615,1.293333e+02,495,368,2.922546e+02,1192,407
856,3,1075,378,1,535,315,2.748408e+01,NaN,NaN,4.235804e+02,NaN,NaN
857,6,908,70,1,804,715,1.698518e+01,595,468,3.087852e+02,1192,307
858,8,952,757,1,906,76,4.197332e+01,1154,430,4.150146e+02,591,330
859,4,1100,338,1,502,390,1.374520e+02,877,130,2.965381e+02,831,630
860,1,629,412,1,1152,434,1.052951e+02,NaN,NaN,4.094947e+02,NaN,NaN
861,3,1075,378,1,535,415,9.199596e+01,NaN,NaN,4.155306e+02,NaN,NaN
862,1,529,312,1,1152,334,1.351025e+02,NaN,NaN,2.834942e+02,NaN,NaN
863,8,952,657,1,906,176,6.074852e+01,1254,330,3.315288e+02,491,330
864,7,881,615,1,794,162,-4.129596e+00,NaN,NaN,3.473824e+02,NaN,NaN
865,2,573,351,1,1180,405,1.316628e+02,913,84,2.915762e+02,957,675
866,8,952,657,1,906,176,1.600435e+02,1154,430,4.153347e+02,491,330
867,8,952,757,1,806,76,1.652719e+02,1254,430,3.678472e+02,491,330
868,8,852,757,1,806,76,1.090418e+02,1154,330,4.148392e+02,491,430
869,1,629,312,1,1252,434,1.259449e+02,NaN,NaN,3.642301e+02,NaN,NaN
870,6,808,70,1,804,615,1.761787e+02,595,368,2.845771e+02,1092,407
871,2,473,351,1,1180,305,1.161165e+02,813,84,4.036989e+02,957,675
872,5,900,134,1,843,666,6.008389e+00,NaN,NaN,3.409807e+02,NaN,NaN
873,4,1100,438,1,602,290,-1.338737e+00,777,130,3.947522e+02,931,630
874,3,1075,478,1,535,315,8.808289e+01,NaN,NaN,3.861999e+02,NaN,NaN
875,4,1100,338,1,602,290,1.346275e+02,777,30,3.222739e+02,831,730
876,6,808,70,1,904,615,9.916213e+01,595,368,3.447188e+02,1192,407
877,1,529,312,1,1152,434,7.719169e+01,NaN,NaN,3.034181e+02,NaN,NaN
878,5,900,134,1,843,666,-1.595320e+01,NaN,NaN,3.108447e+02,NaN,NaN
879,2,573,451,1,1180,405,5.793606e+01,813,84,3.033173e+02,857,775
880,7,781,615,1,894,62,1.454487e+02,NaN,NaN,4.241863e+02,NaN,NaN
881,1,529,312,1,1252,434,1.428926e+02,NaN,NaN,4.150899e+02,NaN,NaN
882,3,1175,378,1,535,315,1.225124e+02,NaN,NaN,3.091278e+02,NaN,NaN
883,8,852,657,1,906,76,7.426245e+01,1254,430,3.226423e+02,491,430
884,3,1175,378,1,535,315,1.101071e+02,NaN,NaN,3.971022e+02,NaN,NaN
885,7,781,615,1,894,162,4.883033e+00,NaN,NaN,2.965368e+02,NaN,NaN
886,7,781,615,1,894,162,1.242402e+02,NaN,NaN,4.087379e+02,NaN,NaN
887,5,900,134,1,843,666,2.002578e+02,NaN,NaN,3.368753e+02,NaN,NaN
888,3,1075,478,1,635,315,4.059345e+01,NaN,NaN,3.873926e+02,NaN,NaN
889,1,629,412,1,1152,434,1.311836e+02,NaN,NaN,3.559484e+02,NaN,NaN
890,7,781,715,1,794,62,1.074715e+02,NaN,NaN,2.921491e+02,NaN,NaN
891,4,1200,338,1,602,390,5.141625e+01,777,30,3.235507e+02,831,730
892,4,1100,438,1,502,390,8.734555e+01,877,30,3.012223e+02,831,630
893,5,900,134,1,943,766,1.107337e+02,NaN,NaN,3.919411e+02,NaN,NaN
894,8,852,757,1,806,76,2.004772e+02,1154,430,3.201912e+02,491,330
895,4,1200,338,1,602,390,1.743882e+02,777,130,3.709855e+02,931,630
896,5,800,134,1,843,666,1.144779e+01,NaN,NaN,3.252676e+02,NaN,NaN
897,8,852,757,1,906,176,1.294009e+02,1154,430,3.398233e+02,491,330
898,8,952,657,1,906,176,1.911719e+02,1254,330,4.184744e+02,491,430
899,1,529,412,1,1252,434,8.090216e+01,NaN,NaN,2.911524e+02,NaN,NaN
900,6,908,70,1,804,715,8.266451e+01,595,468,3.026676e+02,1092,407
901,7,781,715,1,894,162,2.248046e+02,NaN,NaN,4.167454e+02,NaN,NaN
902,7,881,715,1,794,162,1.060632e+02,NaN,NaN,3.761011e+02,NaN,NaN
903,8,852,757,1,906,76,9.851958e+01,1154,330,3.875342e+02,491,330
904,5,900,34,1,843,766,1.725165e+02,NaN,NaN,2.806877e+02,NaN,NaN
905,3,1075,478,1,535,415,7.701984e+01,NaN,NaN,4.145017e+02,NaN,NaN
906,1,629,312,1,1152,334,5.124766e+01,NaN,NaN,3.751870e+02,NaN,NaN
907,3,1175,478,1,535,315,1.004281e+02,NaN,NaN,3.006565e+02,NaN,NaN
908,4,1100,338,1,502,290,1.803436e+02,777,130,3.486704e+02,831,730
909,2,573,351,1,1180,405,1.781881e+02,813,-16,3.826262e+02,957,675
910,3,1075,478,1,635,415,9.230619e+01,NaN,NaN,2.968585e+02,NaN,NaN
911,6,808,170,1,904,715,4.815419e+01,495,468,3.684293e+02,1192,307
912,8,952,657,1,906,176,-4.586698e+00,1254,330,3.300333e+02,591,330
913,6,808,170,1,904,715,5.439504e+01,595,468,4.195070e+02,1192,407
914,4,1100,438,1,602,390,5.842604e+01,877,130,3.264156e+02,931,630
915,3,1175,378,1,635,415,5.942466e+01,NaN,NaN,3.101753e+02,NaN,NaN
916,1,629,412,1,1252,434,9.229559e+01,NaN,NaN,4.189836e+02,NaN,NaN
917,1,529,312,1,1252,334,8.633050e+01,NaN,NaN,3.467998e+02,NaN,NaN
918,8,852,657,1,806,76,3.492138e+01,1254,430,3.576704e+02,591,330
919,2,473,451,1,1180,405,4.642986e+01,913,84,3.986785e+02,957,775
920,5,900,34,1,843,766,2.144444e+02,NaN,NaN,3.236884e+02,NaN,NaN
921,2,473,351,1,1180,305,1.443455e+02,813,-16,3.320437e+02,857,775
922,3,1175,478,1,635,415,1.524650e+02,NaN,NaN,3.934378e+02,NaN,NaN
923,4,1200,438,1,502,290,1.078506e+02,877,130,3.348105e+02,931,630
924,4,1200,338,1,602,390,2.030205e+02,777,30,4.229366e+02,831,730
925,7,781,615,1,794,162,1.093060e+02,NaN,NaN,3.121785e+02,NaN,NaN
926,7,881,715,1,894,162,1.349860e+02,NaN,NaN,2.975108e+02,NaN,NaN
927,7,881,715,1,794,162,5.662520e+01,NaN,NaN,3.007554e+02,NaN,NaN
928,2,573,351,1,1180,305,1.779429e+02,813,-16,4.078860e+02,957,675
929,6,908,170,1,804,715,2.074050e+02,495,468,3.519785e+02,1092,407
930,6,908,70,1,804,615,8.925193e+01,495,368,3.746671e+02,1092,407
931,2,473,451,1,1080,405,1.156701e+02,813,84,3.562787e+02,957,775
932,3,1175,378,1,535,415,1.186331e+02,NaN,NaN,3.451265e+02,NaN,NaN
933,6,808,170,1,904,715,2.142788e+02,595,368,4.122319e+02,1092,407
934,2,473,451,1,1080,405,1.252538e+02,813,84,3.708339e+02,957,675
935,3,1075,478,1,535,315,1.545034e+02,NaN,NaN,3.446344e+02,NaN,NaN
936,2,573,451,1,1180,305,1.973573e+02,913,84,4.037112e+02,857,675
937,1,629,312,1,1152,434,6.011199e+01,NaN,NaN,3.808576e+02,NaN,NaN
938,7,781,715,1,794,62,1.227271e+02,NaN,NaN,3.263332e+02,NaN,NaN
939,3,1075,478,1,635,415,5.193038e+01,NaN,NaN,3.275541e+02,NaN,NaN
940,6,908,70,1,804,615,9.293790e+01,495,468,3.080168e+02,1192,307
941,2,473,451,1,1180,405,3.055903e+01,813,84,3.535274e+02,957,675
942,5,800,34,1,843,766,3.080601e+01,NaN,NaN,3.353551e+02,NaN,NaN
943,5,900,34,1,843,666,5.380329e+01,NaN,NaN,3.685196e+02,NaN,NaN
944,4,1100,338,1,502,290,2.119978e+02,777,130,3.649198e+02,931,730
945,4,1100,438,1,602,390,-2.473413e+01,777,30,3.672791e+02,931,730
946,5,800,34,1,943,766,1.581335e+02,NaN,NaN,3.310704e+02,NaN,NaN
947,6,808,170,1,904,615,1.500288e+01,595,468,2.850448e+02,1092,407
948,2,573,451,1,1180,405,1.395983e+02,913,84,3.797503e+02,957,675
949,6,808,70,1,804,715,1.174050e+02,495,468,3.586354e+02,1192,407
950,8,952,757,1,806,76,1.751134e+01,1154,430,3.138613e+02,491,430
951,5,900,34,1,843,766,1.137480e+02,NaN,NaN,3.377729e+02,NaN,NaN
952,1,629,312,1,1252,434,1.290335e+02,NaN,NaN,3.460230e+02,NaN,NaN
953,8,852,657,1,906,176,4.309369e+01,1154,430,3.836288e+02,491,330
954,7,881,615,1,894,62,1.106423e+02,NaN,NaN,3.296141e+02,NaN,NaN
955,1,629,412,1,1152,434,1.768296e+02,NaN,NaN,3.058457e+02,NaN,NaN
956,1,629,312,1,1252,334,1.234743e+02,NaN,NaN,2.780558e+02,NaN,NaN
957,7,781,715,1,794,62,2.394997e+02,NaN,NaN,3.619017e+02,NaN,NaN
958,4,1100,438,1,502,390,2.898066e+01,777,30,3.764172e+02,931,630
959,6,808,70,1,804,715,7.403631e+01,595,368,2.841466e+02,1192,307
960,5,900,34,1,843,766,1.147155e+02,NaN,NaN,3.988523e+02,NaN,NaN
